[{"model": "contenttypes.contenttype", "pk": 1, "fields": {"app_label": "admin", "model": "logentry"}}, {"model": "contenttypes.contenttype", "pk": 2, "fields": {"app_label": "auth", "model": "permission"}}, {"model": "contenttypes.contenttype", "pk": 3, "fields": {"app_label": "auth", "model": "group"}}, {"model": "contenttypes.contenttype", "pk": 4, "fields": {"app_label": "auth", "model": "user"}}, {"model": "contenttypes.contenttype", "pk": 5, "fields": {"app_label": "contenttypes", "model": "contenttype"}}, {"model": "contenttypes.contenttype", "pk": 6, "fields": {"app_label": "sessions", "model": "session"}}, {"model": "contenttypes.contenttype", "pk": 7, "fields": {"app_label": "blog", "model": "blogtype"}}, {"model": "contenttypes.contenttype", "pk": 8, "fields": {"app_label": "blog", "model": "blog"}}, {"model": "contenttypes.contenttype", "pk": 9, "fields": {"app_label": "blog", "model": "readnum"}}, {"model": "contenttypes.contenttype", "pk": 10, "fields": {"app_label": "read_statistics", "model": "readnum"}}, {"model": "contenttypes.contenttype", "pk": 11, "fields": {"app_label": "read_statistics", "model": "readdetail"}}, {"model": "sessions.session", "pk": "52rlva2qfzofdedai0qxoxsg6a410b3e", "fields": {"session_data": "NzVkMTE2YmVhOWFkOGJiNzRhZTdmYjFiMGI3ODJlNjQxZmFjYThkNjp7Il9hdXRoX3VzZXJfaWQiOiIxIiwiX2F1dGhfdXNlcl9iYWNrZW5kIjoiZGphbmdvLmNvbnRyaWIuYXV0aC5iYWNrZW5kcy5Nb2RlbEJhY2tlbmQiLCJfYXV0aF91c2VyX2hhc2giOiJmZTlhMGVhNzYwMGIwMWQ0MjA2MTg2MGEyNDlkMzQ2NWQzNDIwMTliIn0=", "expire_date": "2018-12-19T06:31:47.752Z"}}, {"model": "sessions.session", "pk": "kkvynepo70mxq906e7v2h5hw98g8dlzm", "fields": {"session_data": "MWMxM2E0NjA3ZjE0YTJkZjBiOWIzZGYwMTEyODMzYzRmYzdlNjg5Mjp7Il9hdXRoX3VzZXJfaWQiOiIxIiwiX2F1dGhfdXNlcl9iYWNrZW5kIjoiZGphbmdvLmNvbnRyaWIuYXV0aC5iYWNrZW5kcy5Nb2RlbEJhY2tlbmQiLCJfYXV0aF91c2VyX2hhc2giOiI1ZTRiNjc3N2Y5OGNlYmQ4NmM4OGI5OGY2ZjYzMWUxMDViM2Q4YTUxIn0=", "expire_date": "2019-01-05T16:01:08.959Z"}}, {"model": "sessions.session", "pk": "o1z0ueckfc23sm7mly0lshe29zaj3muv", "fields": {"session_data": "NzVkMTE2YmVhOWFkOGJiNzRhZTdmYjFiMGI3ODJlNjQxZmFjYThkNjp7Il9hdXRoX3VzZXJfaWQiOiIxIiwiX2F1dGhfdXNlcl9iYWNrZW5kIjoiZGphbmdvLmNvbnRyaWIuYXV0aC5iYWNrZW5kcy5Nb2RlbEJhY2tlbmQiLCJfYXV0aF91c2VyX2hhc2giOiJmZTlhMGVhNzYwMGIwMWQ0MjA2MTg2MGEyNDlkMzQ2NWQzNDIwMTliIn0=", "expire_date": "2019-01-03T09:26:45.420Z"}}, {"model": "sessions.session", "pk": "swtuwu6p4y14sse0ha1kjlls6f7z4qpk", "fields": {"session_data": "ZjA3ZmYyZmU4NjQ5MDkzZDMxOTkwMmU0MTQwYzQ2N2M2YTZhNThiZDp7Il9hdXRoX3VzZXJfaWQiOiIxIiwiX2F1dGhfdXNlcl9iYWNrZW5kIjoiZGphbmdvLmNvbnRyaWIuYXV0aC5iYWNrZW5kcy5Nb2RlbEJhY2tlbmQiLCJfYXV0aF91c2VyX2hhc2giOiI2YTZlYjQxNjEzMjI3ZGYyZjg4YWUwMWMwNmQ5NDk2ZGVlZGU4YjVkIn0=", "expire_date": "2019-02-11T04:47:24.906Z"}}, {"model": "sessions.session", "pk": "v0gt0kqd6q9mwhd2d4a11dx2rzlqwzee", "fields": {"session_data": "MWM3NmNjNjUxMzc1NGUwMGM1ZGIzNzhhYzgwNTBjNzUwYzdiYjU2NTp7Il9hdXRoX3VzZXJfaWQiOiIxIiwiX2F1dGhfdXNlcl9oYXNoIjoiNWU0YjY3NzdmOThjZWJkODZjODhiOThmNmY2MzFlMTA1YjNkOGE1MSIsIl9hdXRoX3VzZXJfYmFja2VuZCI6ImRqYW5nby5jb250cmliLmF1dGguYmFja2VuZHMuTW9kZWxCYWNrZW5kIn0=", "expire_date": "2019-01-21T12:17:15.684Z"}}, {"model": "sessions.session", "pk": "w6ygfokhnmoe6oalbmtlg6j42tciek09", "fields": {"session_data": "NzVkMTE2YmVhOWFkOGJiNzRhZTdmYjFiMGI3ODJlNjQxZmFjYThkNjp7Il9hdXRoX3VzZXJfaWQiOiIxIiwiX2F1dGhfdXNlcl9iYWNrZW5kIjoiZGphbmdvLmNvbnRyaWIuYXV0aC5iYWNrZW5kcy5Nb2RlbEJhY2tlbmQiLCJfYXV0aF91c2VyX2hhc2giOiJmZTlhMGVhNzYwMGIwMWQ0MjA2MTg2MGEyNDlkMzQ2NWQzNDIwMTliIn0=", "expire_date": "2018-12-31T11:04:46.460Z"}}, {"model": "blog.blogtype", "pk": 2, "fields": {"type_name": "Django\u95ee\u9898\u96c6\u5408"}}, {"model": "blog.blogtype", "pk": 3, "fields": {"type_name": "\u968f\u7b14"}}, {"model": "blog.blogtype", "pk": 4, "fields": {"type_name": "\u6d4b\u8bd5"}}, {"model": "read_statistics.readnum", "pk": 3, "fields": {"read_num": 13, "content_type": 8, "object_id": 34}}, {"model": "read_statistics.readnum", "pk": 4, "fields": {"read_num": 1, "content_type": 8, "object_id": 31}}, {"model": "read_statistics.readnum", "pk": 5, "fields": {"read_num": 1, "content_type": 8, "object_id": 30}}, {"model": "read_statistics.readnum", "pk": 6, "fields": {"read_num": 2, "content_type": 8, "object_id": 3}}, {"model": "read_statistics.readnum", "pk": 7, "fields": {"read_num": 2, "content_type": 8, "object_id": 33}}, {"model": "read_statistics.readnum", "pk": 8, "fields": {"read_num": 2, "content_type": 8, "object_id": 32}}, {"model": "read_statistics.readdetail", "pk": 1, "fields": {"date": "2019-01-11T16:52:00Z", "read_num": 4, "content_type": 8, "object_id": 34}}, {"model": "auth.permission", "pk": 1, "fields": {"name": "Can add log entry", "content_type": 1, "codename": "add_logentry"}}, {"model": "auth.permission", "pk": 2, "fields": {"name": "Can change log entry", "content_type": 1, "codename": "change_logentry"}}, {"model": "auth.permission", "pk": 3, "fields": {"name": "Can delete log entry", "content_type": 1, "codename": "delete_logentry"}}, {"model": "auth.permission", "pk": 4, "fields": {"name": "Can add permission", "content_type": 2, "codename": "add_permission"}}, {"model": "auth.permission", "pk": 5, "fields": {"name": "Can change permission", "content_type": 2, "codename": "change_permission"}}, {"model": "auth.permission", "pk": 6, "fields": {"name": "Can delete permission", "content_type": 2, "codename": "delete_permission"}}, {"model": "auth.permission", "pk": 7, "fields": {"name": "Can add group", "content_type": 3, "codename": "add_group"}}, {"model": "auth.permission", "pk": 8, "fields": {"name": "Can change group", "content_type": 3, "codename": "change_group"}}, {"model": "auth.permission", "pk": 9, "fields": {"name": "Can delete group", "content_type": 3, "codename": "delete_group"}}, {"model": "auth.permission", "pk": 10, "fields": {"name": "Can add user", "content_type": 4, "codename": "add_user"}}, {"model": "auth.permission", "pk": 11, "fields": {"name": "Can change user", "content_type": 4, "codename": "change_user"}}, {"model": "auth.permission", "pk": 12, "fields": {"name": "Can delete user", "content_type": 4, "codename": "delete_user"}}, {"model": "auth.permission", "pk": 13, "fields": {"name": "Can add content type", "content_type": 5, "codename": "add_contenttype"}}, {"model": "auth.permission", "pk": 14, "fields": {"name": "Can change content type", "content_type": 5, "codename": "change_contenttype"}}, {"model": "auth.permission", "pk": 15, "fields": {"name": "Can delete content type", "content_type": 5, "codename": "delete_contenttype"}}, {"model": "auth.permission", "pk": 16, "fields": {"name": "Can add session", "content_type": 6, "codename": "add_session"}}, {"model": "auth.permission", "pk": 17, "fields": {"name": "Can change session", "content_type": 6, "codename": "change_session"}}, {"model": "auth.permission", "pk": 18, "fields": {"name": "Can delete session", "content_type": 6, "codename": "delete_session"}}, {"model": "auth.permission", "pk": 19, "fields": {"name": "Can add blog", "content_type": 8, "codename": "add_blog"}}, {"model": "auth.permission", "pk": 20, "fields": {"name": "Can change blog", "content_type": 8, "codename": "change_blog"}}, {"model": "auth.permission", "pk": 21, "fields": {"name": "Can delete blog", "content_type": 8, "codename": "delete_blog"}}, {"model": "auth.permission", "pk": 22, "fields": {"name": "Can add blog type", "content_type": 7, "codename": "add_blogtype"}}, {"model": "auth.permission", "pk": 23, "fields": {"name": "Can change blog type", "content_type": 7, "codename": "change_blogtype"}}, {"model": "auth.permission", "pk": 24, "fields": {"name": "Can delete blog type", "content_type": 7, "codename": "delete_blogtype"}}, {"model": "auth.permission", "pk": 25, "fields": {"name": "Can view log entry", "content_type": 1, "codename": "view_logentry"}}, {"model": "auth.permission", "pk": 26, "fields": {"name": "Can view group", "content_type": 3, "codename": "view_group"}}, {"model": "auth.permission", "pk": 27, "fields": {"name": "Can view user", "content_type": 4, "codename": "view_user"}}, {"model": "auth.permission", "pk": 28, "fields": {"name": "Can view permission", "content_type": 2, "codename": "view_permission"}}, {"model": "auth.permission", "pk": 29, "fields": {"name": "Can view content type", "content_type": 5, "codename": "view_contenttype"}}, {"model": "auth.permission", "pk": 30, "fields": {"name": "Can view session", "content_type": 6, "codename": "view_session"}}, {"model": "auth.permission", "pk": 31, "fields": {"name": "Can view blog type", "content_type": 7, "codename": "view_blogtype"}}, {"model": "auth.permission", "pk": 32, "fields": {"name": "Can view blog", "content_type": 8, "codename": "view_blog"}}, {"model": "auth.permission", "pk": 33, "fields": {"name": "Can add read num", "content_type": 9, "codename": "add_readnum"}}, {"model": "auth.permission", "pk": 34, "fields": {"name": "Can change read num", "content_type": 9, "codename": "change_readnum"}}, {"model": "auth.permission", "pk": 35, "fields": {"name": "Can delete read num", "content_type": 9, "codename": "delete_readnum"}}, {"model": "auth.permission", "pk": 36, "fields": {"name": "Can view read num", "content_type": 9, "codename": "view_readnum"}}, {"model": "auth.permission", "pk": 37, "fields": {"name": "Can add read num", "content_type": 10, "codename": "add_readnum"}}, {"model": "auth.permission", "pk": 38, "fields": {"name": "Can change read num", "content_type": 10, "codename": "change_readnum"}}, {"model": "auth.permission", "pk": 39, "fields": {"name": "Can delete read num", "content_type": 10, "codename": "delete_readnum"}}, {"model": "auth.permission", "pk": 40, "fields": {"name": "Can view read num", "content_type": 10, "codename": "view_readnum"}}, {"model": "auth.permission", "pk": 41, "fields": {"name": "Can add read detail", "content_type": 11, "codename": "add_readdetail"}}, {"model": "auth.permission", "pk": 42, "fields": {"name": "Can change read detail", "content_type": 11, "codename": "change_readdetail"}}, {"model": "auth.permission", "pk": 43, "fields": {"name": "Can delete read detail", "content_type": 11, "codename": "delete_readdetail"}}, {"model": "auth.permission", "pk": 44, "fields": {"name": "Can view read detail", "content_type": 11, "codename": "view_readdetail"}}, {"model": "auth.user", "pk": 1, "fields": {"password": "pbkdf2_sha256$100000$1HtrKMeKD05x$KrerIpFNXPfwokohfVOeVijgTn/YS0UQO+Jrilbalx4=", "last_login": "2019-01-28T04:46:32.348Z", "is_superuser": true, "username": "lww", "first_name": "", "last_name": "", "email": "m13100354351@163.com", "is_staff": true, "is_active": true, "date_joined": "2018-12-05T06:02:36.332Z", "groups": [], "user_permissions": []}}, {"model": "blog.blog", "pk": 1, "fields": {"title": "1.\u2018deactivate\u2018\u4e0d\u80fd\u6267\u884c", "blog_type": 2, "content": "Error\uff1a'deactivate' \u4e0d\u662f\u5185\u90e8\u6216\u5916\u90e8\u547d\u4ee4\uff0c\u4e5f\u4e0d\u662f\u53ef\u8fd0\u884c\u7684\u7a0b\u5e8f \u6216\u6279\u5904\u7406\u6587\u4ef6\r\n\r\n\u89e3\u51b3\uff1apip uninstall virtualenv  #\u5378\u8f7dvirtualenv \r\n            pip install virtualenv       #\u91cd\u65b0\u5b89\u88c5", "author": 1, "created_time": "2018-12-05T07:25:11.280Z", "last_updated_time": "2018-12-05T07:25:11.280Z"}}, {"model": "blog.blog", "pk": 2, "fields": {"title": "2. no such table: blog_blogtype", "blog_type": 2, "content": "Error\uff1ano such table: blog_blogtype\r\n\r\n\u89e3\u51b3\uff1a\u540c\u6b65\r\n            python manage.py makemigrations\r\n            python manage.py migrate", "author": 1, "created_time": "2018-12-05T07:27:49.875Z", "last_updated_time": "2018-12-05T08:27:48.197Z"}}, {"model": "blog.blog", "pk": 3, "fields": {"title": "\u79e6\u4ee3\u6563\u6587\u548c\u674e\u65af", "blog_type": 3, "content": "<p style=\"margin-left:0in; margin-right:0in\"><img alt=\"\" src=\"/media/upload/2019/01/04/26.jpeg\" style=\"height:360px; width:520px\" /></p>\r\n\r\n<p style=\"margin-left:0in; margin-right:0in\">\u300a\u5415\u6c0f\u6625\u79cb\u300b\u662f\u79e6\u76f8\u5415\u4e0d\u97e6\u7ec4\u7ec7\u95e8\u5ba2\u96c6\u4f53\u7f16\u64b0\u7684\uff0c\u88ab\u89c6\u4e3a\u6742\u5bb6\u8457\u4f5c\uff0c\u800c\u4ee5\u9053\u3001\u5112\u3001\u6cd5\u3001\u9634\u9633\u5bb6\u7684\u601d\u60f3\u6210\u5206\u66f4\u591a\u4e9b\u3002</p>\r\n\r\n<p style=\"margin-left:0in; margin-right:0in\">\u300a\u5415\u6c0f\u6625\u79cb\u300b\u6587\u7ae0\u4e00\u822c\u6bd4\u8f83\u77ed\u5c0f\uff0c\u4ee5\u4e8b\u5b9e\u8bf4\u7406\uff0c\u5e73\u5b9e\u7545\u8fbe\uff0c\u4e0d\u6c42\u534e\u4e3d\u3002\u5176\u6700\u5927\u6210\u5c31\uff0c\u662f\u5b83\u521b\u4f5c\u4e86\u8fd1300\u5219\u4e30\u5bcc\u591a\u5f69\u7684\u5bd3\u8a00\u6545\u4e8b\u3002</p>\r\n\r\n<p style=\"margin-left:0in; margin-right:0in\">\u674e\u65af\uff0c\u66fe\u968f\u8340\u5b50\u5b66\u4e60\u5e1d\u738b\u4e4b\u672f\uff0c\u79e6\u7edf\u4e00\u540e\u4e3a\u4e1e\u76f8\u3002\u8bbe\u7acb\u90e1\u53bf\uff0c\u7edf\u4e00\u6587\u5b57\u548c\u5ea6\u91cf\u8861\uff0c\u4e0b\u4ee4\u711a\u4e66\u800c\u5021\u5bfc&ldquo;\u4ee5\u540f\u4e3a\u5e08&rdquo;\u3002\u79e6\u59cb\u7687\u5352\u540e\uff0c\u906d\u8d75\u9ad8\u8bec\u9677\u800c\u88ab\u8170\u65a9\u3002</p>\r\n\r\n<p style=\"margin-left:0in; margin-right:0in\">\u674e\u65af\u5165\u79e6\u5341\u5e74\uff0c\u56e0\u97e9\u4eba\u90d1\u56fd\u4e3a\u79e6\u4fee\u5efa\u704c\u6e20\u4e8b\uff0c\u79e6\u5927\u81e3\u5efa\u8bae\u9a71\u9010\u6240\u6709\u5916\u6765\u5ba2\u537f\u3002\u674e\u65af\u4e5f\u5728\u88ab\u9010\u4e4b\u5217\u3002\u4e8e\u662f\u4e0a\u4e66\u79e6\u59cb\u7687\uff0c\u6307\u9648\u9010\u5ba2\u7684\u9519\u8bef\u3002</p>", "author": 1, "created_time": "2018-12-06T09:28:12.314Z", "last_updated_time": "2019-01-04T16:09:23.107Z"}}, {"model": "blog.blog", "pk": 4, "fields": {"title": "\u6d4b\u8bd5\u7b2c\u4e00\u7bc7", "blog_type": 4, "content": "\u6b64\u6761\u4e3a\u6d4b\u8bd5\u5185\u5bb9", "author": 1, "created_time": "2018-12-20T09:51:02.867Z", "last_updated_time": "2018-12-20T09:51:02.867Z"}}, {"model": "blog.blog", "pk": 5, "fields": {"title": "\u6d4b\u8bd52", "blog_type": 4, "content": "\u6b64\u6761\u4e3a\u6d4b\u8bd5\u5185\u5bb92", "author": 1, "created_time": "2018-12-20T10:02:36.791Z", "last_updated_time": "2018-12-20T10:02:36.791Z"}}, {"model": "blog.blog", "pk": 6, "fields": {"title": "\u6d4b\u8bd53", "blog_type": 4, "content": "\u6b64\u6761\u4e3a\u6d4b\u8bd5\u5185\u5bb93", "author": 1, "created_time": "2018-12-20T10:02:36.809Z", "last_updated_time": "2018-12-20T10:02:36.809Z"}}, {"model": "blog.blog", "pk": 7, "fields": {"title": "\u6d4b\u8bd54", "blog_type": 4, "content": "\u6b64\u6761\u4e3a\u6d4b\u8bd5\u5185\u5bb94", "author": 1, "created_time": "2018-12-20T10:02:36.820Z", "last_updated_time": "2018-12-20T10:02:36.820Z"}}, {"model": "blog.blog", "pk": 8, "fields": {"title": "\u6d4b\u8bd55", "blog_type": 4, "content": "\u6b64\u6761\u4e3a\u6d4b\u8bd5\u5185\u5bb95", "author": 1, "created_time": "2018-12-20T10:02:36.841Z", "last_updated_time": "2018-12-20T10:02:36.841Z"}}, {"model": "blog.blog", "pk": 9, "fields": {"title": "\u6d4b\u8bd56", "blog_type": 4, "content": "\u6b64\u6761\u4e3a\u6d4b\u8bd5\u5185\u5bb96", "author": 1, "created_time": "2018-12-20T10:02:36.851Z", "last_updated_time": "2018-12-20T10:02:36.851Z"}}, {"model": "blog.blog", "pk": 10, "fields": {"title": "\u6d4b\u8bd57", "blog_type": 4, "content": "\u6b64\u6761\u4e3a\u6d4b\u8bd5\u5185\u5bb97", "author": 1, "created_time": "2018-12-20T10:02:36.871Z", "last_updated_time": "2018-12-20T10:02:36.871Z"}}, {"model": "blog.blog", "pk": 11, "fields": {"title": "\u6d4b\u8bd58", "blog_type": 4, "content": "\u6b64\u6761\u4e3a\u6d4b\u8bd5\u5185\u5bb98", "author": 1, "created_time": "2018-12-20T10:02:36.881Z", "last_updated_time": "2018-12-20T10:02:36.881Z"}}, {"model": "blog.blog", "pk": 12, "fields": {"title": "\u6d4b\u8bd59", "blog_type": 4, "content": "\u6b64\u6761\u4e3a\u6d4b\u8bd5\u5185\u5bb99", "author": 1, "created_time": "2018-12-20T10:02:36.902Z", "last_updated_time": "2018-12-20T10:02:36.902Z"}}, {"model": "blog.blog", "pk": 13, "fields": {"title": "\u6d4b\u8bd510", "blog_type": 4, "content": "\u6b64\u6761\u4e3a\u6d4b\u8bd5\u5185\u5bb910", "author": 1, "created_time": "2018-12-20T10:02:36.919Z", "last_updated_time": "2018-12-20T10:02:36.919Z"}}, {"model": "blog.blog", "pk": 14, "fields": {"title": "\u6d4b\u8bd511", "blog_type": 4, "content": "\u6b64\u6761\u4e3a\u6d4b\u8bd5\u5185\u5bb911", "author": 1, "created_time": "2018-12-20T10:02:36.932Z", "last_updated_time": "2018-12-20T10:02:36.932Z"}}, {"model": "blog.blog", "pk": 15, "fields": {"title": "\u6d4b\u8bd512", "blog_type": 4, "content": "\u6b64\u6761\u4e3a\u6d4b\u8bd5\u5185\u5bb912", "author": 1, "created_time": "2018-12-20T10:02:36.940Z", "last_updated_time": "2018-12-20T10:02:36.940Z"}}, {"model": "blog.blog", "pk": 16, "fields": {"title": "\u6d4b\u8bd513", "blog_type": 4, "content": "\u6b64\u6761\u4e3a\u6d4b\u8bd5\u5185\u5bb913", "author": 1, "created_time": "2018-12-20T10:02:36.962Z", "last_updated_time": "2018-12-20T10:02:36.962Z"}}, {"model": "blog.blog", "pk": 17, "fields": {"title": "\u6d4b\u8bd514", "blog_type": 4, "content": "\u6b64\u6761\u4e3a\u6d4b\u8bd5\u5185\u5bb914", "author": 1, "created_time": "2018-12-20T10:02:36.971Z", "last_updated_time": "2018-12-20T10:02:36.971Z"}}, {"model": "blog.blog", "pk": 18, "fields": {"title": "\u6d4b\u8bd515", "blog_type": 4, "content": "\u6b64\u6761\u4e3a\u6d4b\u8bd5\u5185\u5bb915", "author": 1, "created_time": "2018-12-20T10:02:36.990Z", "last_updated_time": "2018-12-20T10:02:36.990Z"}}, {"model": "blog.blog", "pk": 19, "fields": {"title": "\u6d4b\u8bd516", "blog_type": 4, "content": "\u6b64\u6761\u4e3a\u6d4b\u8bd5\u5185\u5bb916", "author": 1, "created_time": "2018-12-20T10:02:37.003Z", "last_updated_time": "2018-12-20T10:02:37.003Z"}}, {"model": "blog.blog", "pk": 20, "fields": {"title": "\u6d4b\u8bd517", "blog_type": 4, "content": "\u6b64\u6761\u4e3a\u6d4b\u8bd5\u5185\u5bb917", "author": 1, "created_time": "2018-12-20T10:02:37.010Z", "last_updated_time": "2018-12-20T10:02:37.010Z"}}, {"model": "blog.blog", "pk": 21, "fields": {"title": "\u6d4b\u8bd518", "blog_type": 4, "content": "\u6b64\u6761\u4e3a\u6d4b\u8bd5\u5185\u5bb918", "author": 1, "created_time": "2018-12-20T10:02:37.035Z", "last_updated_time": "2018-12-20T10:02:37.035Z"}}, {"model": "blog.blog", "pk": 22, "fields": {"title": "\u6d4b\u8bd519", "blog_type": 4, "content": "\u6b64\u6761\u4e3a\u6d4b\u8bd5\u5185\u5bb919", "author": 1, "created_time": "2018-12-20T10:02:37.040Z", "last_updated_time": "2018-12-20T10:02:37.040Z"}}, {"model": "blog.blog", "pk": 23, "fields": {"title": "\u6d4b\u8bd520", "blog_type": 4, "content": "\u6b64\u6761\u4e3a\u6d4b\u8bd5\u5185\u5bb920", "author": 1, "created_time": "2018-12-20T10:02:37.060Z", "last_updated_time": "2018-12-20T10:02:37.060Z"}}, {"model": "blog.blog", "pk": 24, "fields": {"title": "\u6d4b\u8bd521", "blog_type": 4, "content": "\u6b64\u6761\u4e3a\u6d4b\u8bd5\u5185\u5bb921", "author": 1, "created_time": "2018-12-20T10:02:37.071Z", "last_updated_time": "2018-12-20T10:02:37.071Z"}}, {"model": "blog.blog", "pk": 25, "fields": {"title": "\u6d4b\u8bd522", "blog_type": 4, "content": "\u6b64\u6761\u4e3a\u6d4b\u8bd5\u5185\u5bb922", "author": 1, "created_time": "2018-12-20T10:02:37.090Z", "last_updated_time": "2018-12-20T10:02:37.090Z"}}, {"model": "blog.blog", "pk": 26, "fields": {"title": "\u6d4b\u8bd523", "blog_type": 4, "content": "\u6b64\u6761\u4e3a\u6d4b\u8bd5\u5185\u5bb923", "author": 1, "created_time": "2018-12-20T10:02:37.107Z", "last_updated_time": "2018-12-20T10:02:37.107Z"}}, {"model": "blog.blog", "pk": 27, "fields": {"title": "\u6d4b\u8bd524", "blog_type": 4, "content": "\u6b64\u6761\u4e3a\u6d4b\u8bd5\u5185\u5bb924", "author": 1, "created_time": "2018-12-20T10:02:37.122Z", "last_updated_time": "2018-12-20T10:02:37.122Z"}}, {"model": "blog.blog", "pk": 28, "fields": {"title": "\u6d4b\u8bd525", "blog_type": 4, "content": "\u6b64\u6761\u4e3a\u6d4b\u8bd5\u5185\u5bb925", "author": 1, "created_time": "2018-12-20T10:02:37.130Z", "last_updated_time": "2018-12-20T10:02:37.130Z"}}, {"model": "blog.blog", "pk": 29, "fields": {"title": "\u6d4b\u8bd526", "blog_type": 4, "content": "\u6b64\u6761\u4e3a\u6d4b\u8bd5\u5185\u5bb926", "author": 1, "created_time": "2018-12-20T10:02:37.150Z", "last_updated_time": "2018-12-20T10:02:37.150Z"}}, {"model": "blog.blog", "pk": 30, "fields": {"title": "\u6d4b\u8bd527", "blog_type": 4, "content": "\u6b64\u6761\u4e3a\u6d4b\u8bd5\u5185\u5bb927", "author": 1, "created_time": "2018-12-20T10:02:37.164Z", "last_updated_time": "2018-12-20T10:02:37.164Z"}}, {"model": "blog.blog", "pk": 31, "fields": {"title": "\u6d4b\u8bd528", "blog_type": 4, "content": "\u6b64\u6761\u4e3a\u6d4b\u8bd5\u5185\u5bb928", "author": 1, "created_time": "2018-12-20T10:02:37.180Z", "last_updated_time": "2018-12-20T10:02:37.180Z"}}, {"model": "blog.blog", "pk": 32, "fields": {"title": "\u6d4b\u8bd529", "blog_type": 4, "content": "\u6b64\u6761\u4e3a\u6d4b\u8bd5\u5185\u5bb929", "author": 1, "created_time": "2018-12-20T10:02:37.191Z", "last_updated_time": "2018-12-20T10:02:37.191Z"}}, {"model": "blog.blog", "pk": 33, "fields": {"title": "\u6d4b\u8bd530", "blog_type": 4, "content": "\u6b64\u6761\u4e3a\u6d4b\u8bd5\u5185\u5bb930", "author": 1, "created_time": "2018-12-20T10:02:37.210Z", "last_updated_time": "2018-12-20T10:02:37.210Z"}}, {"model": "blog.blog", "pk": 34, "fields": {"title": "\u8fd8\u662f\u6d4b\u8bd5", "blog_type": 4, "content": "\u0421\u0435\u0439\u0447\u0430\u0441 \u0432 \u0421\u041c\u0418\r\n\u0432 \u041c\u043e\u0441\u043a\u0432\u0435\r\n2 \u044f\u043d\u0432\u0430\u0440\u044f, \u0441\u0440\u0435\u0434\u0430 15:27\r\n\u0427\u0438\u0441\u043b\u043e \u043f\u043e\u0433\u0438\u0431\u0448\u0438\u0445 \u0432 \u041c\u0430\u0433\u043d\u0438\u0442\u043e\u0433\u043e\u0440\u0441\u043a\u0435 \u0434\u043e\u0441\u0442\u0438\u0433\u043b\u043e 16\r\n\u0412 \u0414\u043e\u043d\u0435\u0446\u043a\u0435 \u043f\u043e\u0434\u043e\u0440\u0432\u0430\u043b\u0438 \u043e\u043f\u043e\u0440\u0443 \u0436\u0435\u043b\u0435\u0437\u043d\u043e\u0434\u043e\u0440\u043e\u0436\u043d\u043e\u0433\u043e \u043c\u043e\u0441\u0442\u0430\r\n\u041f\u043e\u0441\u043e\u043b\u044c\u0441\u0442\u0432\u043e \u0423\u043a\u0440\u0430\u0438\u043d\u044b \u043e\u0442\u0432\u0435\u0442\u0438\u043b\u043e \u043d\u0430 \u043c\u0430\u0442\u0435\u0440\u0438\u0430\u043b CNN \u0441 \u0440\u043e\u0441\u0441\u0438\u0439\u0441\u043a\u0438\u043c \u0421\u0438\u043c\u0444\u0435\u0440\u043e\u043f\u043e\u043b\u0435\u043c\r\n\u0414\u0432\u043e\u0435 \u0440\u043e\u0441\u0441\u0438\u044f\u043d \u0432\u044b\u0438\u0433\u0440\u0430\u043b\u0438 \u043f\u043e 500 \u043c\u043b\u043d \u0440\u0443\u0431\u043b\u0435\u0439 \u0432 \u00ab\u0420\u0443\u0441\u0441\u043a\u043e\u0435 \u043b\u043e\u0442\u043e\u00bb\r\n\u041d\u043e\u0432\u043e\u0433\u043e\u0434\u043d\u0435\u0435 \u043e\u0431\u0440\u0430\u0449\u0435\u043d\u0438\u0435 \u041f\u0443\u0442\u0438\u043d\u0430 \u043f\u043e\u0441\u0447\u0438\u0442\u0430\u043b\u0438 \u0434\u0435\u0440\u0437\u043a\u0438\u043c\r\nUSD MOEX69,82+0,30+0,30EUR MOEX79,99+0,32+0,32\u041d\u0415\u0424\u0422\u042c53,35+0,28%+0,28%", "author": 1, "created_time": "2019-01-02T12:31:15.128Z", "last_updated_time": "2019-01-02T12:31:15.128Z"}}, {"model": "admin.logentry", "pk": 1, "fields": {"action_time": "2018-12-05T07:16:56.940Z", "user": 1, "content_type": 7, "object_id": "1", "object_repr": "g", "action_flag": 1, "change_message": "[{\"added\": {}}]"}}, {"model": "admin.logentry", "pk": 2, "fields": {"action_time": "2018-12-05T07:17:20.193Z", "user": 1, "content_type": 7, "object_id": "1", "object_repr": "g", "action_flag": 3, "change_message": ""}}, {"model": "admin.logentry", "pk": 3, "fields": {"action_time": "2018-12-05T07:17:47.789Z", "user": 1, "content_type": 7, "object_id": "2", "object_repr": "Django\u95ee\u9898\u96c6\u5408", "action_flag": 1, "change_message": "[{\"added\": {}}]"}}, {"model": "admin.logentry", "pk": 4, "fields": {"action_time": "2018-12-05T07:18:36.775Z", "user": 1, "content_type": 7, "object_id": "3", "object_repr": "\u968f\u7b14", "action_flag": 1, "change_message": "[{\"added\": {}}]"}}, {"model": "admin.logentry", "pk": 5, "fields": {"action_time": "2018-12-05T07:25:11.284Z", "user": 1, "content_type": 8, "object_id": "1", "object_repr": "<Blog: 1.\u2018deactivate\u2018\u4e0d\u80fd\u6267\u884c", "action_flag": 1, "change_message": "[{\"added\": {}}]"}}, {"model": "admin.logentry", "pk": 6, "fields": {"action_time": "2018-12-05T07:27:49.879Z", "user": 1, "content_type": 8, "object_id": "2", "object_repr": "<Blog: 2.no such table: blog_blogtype", "action_flag": 1, "change_message": "[{\"added\": {}}]"}}, {"model": "admin.logentry", "pk": 7, "fields": {"action_time": "2018-12-05T08:27:48.201Z", "user": 1, "content_type": 8, "object_id": "2", "object_repr": "<Blog: 2. no such table: blog_blogtype", "action_flag": 2, "change_message": "[{\"changed\": {\"fields\": [\"title\"]}}]"}}, {"model": "admin.logentry", "pk": 8, "fields": {"action_time": "2018-12-06T09:28:12.318Z", "user": 1, "content_type": 8, "object_id": "3", "object_repr": "<Blog: 1.\u300a\u5de6\u4f20\u300b\u3001\u300a\u6218\u56fd\u7b56\u300b\u7b49\u5386\u53f2\u6563\u6587", "action_flag": 1, "change_message": "[{\"added\": {}}]"}}, {"model": "admin.logentry", "pk": 9, "fields": {"action_time": "2018-12-20T09:26:58.692Z", "user": 1, "content_type": 7, "object_id": "4", "object_repr": "\u6d4b\u8bd5", "action_flag": 1, "change_message": "[{\"added\": {}}]"}}, {"model": "admin.logentry", "pk": 10, "fields": {"action_time": "2019-01-02T12:31:15.141Z", "user": 1, "content_type": 8, "object_id": "34", "object_repr": "<Blog: \u8fd8\u662f\u6d4b\u8bd5", "action_flag": 1, "change_message": "[{\"added\": {}}]"}}, {"model": "admin.logentry", "pk": 11, "fields": {"action_time": "2019-01-04T15:24:28.491Z", "user": 1, "content_type": 8, "object_id": "3", "object_repr": "<Blog: 1.\u300a\u5de6\u4f20\u300b\u3001\u300a\u6218\u56fd\u7b56\u300b\u7b49\u5386\u53f2\u6563\u6587", "action_flag": 2, "change_message": "[{\"changed\": {\"fields\": [\"content\"]}}]"}}, {"model": "admin.logentry", "pk": 12, "fields": {"action_time": "2019-01-04T15:25:40.938Z", "user": 1, "content_type": 8, "object_id": "3", "object_repr": "<Blog: 1.\u300a\u5de6\u4f20\u300b\u3001\u300a\u6218\u56fd\u7b56\u300b\u7b49\u5386\u53f2\u6563\u6587", "action_flag": 2, "change_message": "[{\"changed\": {\"fields\": [\"content\"]}}]"}}, {"model": "admin.logentry", "pk": 13, "fields": {"action_time": "2019-01-04T15:26:11.256Z", "user": 1, "content_type": 8, "object_id": "3", "object_repr": "<Blog: 1.\u300a\u5de6\u4f20\u300b\u3001\u300a\u6218\u56fd\u7b56\u300b\u7b49\u5386\u53f2\u6563\u6587", "action_flag": 2, "change_message": "[{\"changed\": {\"fields\": [\"content\"]}}]"}}, {"model": "admin.logentry", "pk": 14, "fields": {"action_time": "2019-01-04T15:35:49.023Z", "user": 1, "content_type": 8, "object_id": "3", "object_repr": "<Blog: \u79e6\u4ee3\u6563\u6587\u548c\u674e\u65af", "action_flag": 2, "change_message": "[{\"changed\": {\"fields\": [\"title\", \"content\"]}}]"}}, {"model": "admin.logentry", "pk": 15, "fields": {"action_time": "2019-01-04T15:39:59.178Z", "user": 1, "content_type": 8, "object_id": "3", "object_repr": "<Blog: \u79e6\u4ee3\u6563\u6587\u548c\u674e\u65af", "action_flag": 2, "change_message": "[{\"changed\": {\"fields\": [\"content\"]}}]"}}, {"model": "admin.logentry", "pk": 16, "fields": {"action_time": "2019-01-04T15:40:29.495Z", "user": 1, "content_type": 8, "object_id": "3", "object_repr": "<Blog: \u79e6\u4ee3\u6563\u6587\u548c\u674e\u65af", "action_flag": 2, "change_message": "[{\"changed\": {\"fields\": [\"content\"]}}]"}}, {"model": "admin.logentry", "pk": 17, "fields": {"action_time": "2019-01-04T16:09:23.110Z", "user": 1, "content_type": 8, "object_id": "3", "object_repr": "<Blog: \u79e6\u4ee3\u6563\u6587\u548c\u674e\u65af", "action_flag": 2, "change_message": "[{\"changed\": {\"fields\": [\"content\"]}}]"}}, {"model": "admin.logentry", "pk": 18, "fields": {"action_time": "2019-01-07T12:17:31.207Z", "user": 1, "content_type": 9, "object_id": "1", "object_repr": "ReadNum object (1)", "action_flag": 1, "change_message": "[{\"added\": {}}]"}}, {"model": "admin.logentry", "pk": 19, "fields": {"action_time": "2019-01-07T14:55:39.682Z", "user": 1, "content_type": 10, "object_id": "1", "object_repr": "ReadNum object (1)", "action_flag": 1, "change_message": "[{\"added\": {}}]"}}, {"model": "admin.logentry", "pk": 20, "fields": {"action_time": "2019-01-07T14:56:08.649Z", "user": 1, "content_type": 10, "object_id": "2", "object_repr": "ReadNum object (2)", "action_flag": 1, "change_message": "[{\"added\": {}}]"}}, {"model": "admin.logentry", "pk": 21, "fields": {"action_time": "2019-01-07T15:12:20.162Z", "user": 1, "content_type": 10, "object_id": "2", "object_repr": "ReadNum object (2)", "action_flag": 3, "change_message": ""}}, {"model": "admin.logentry", "pk": 22, "fields": {"action_time": "2019-01-07T15:12:20.178Z", "user": 1, "content_type": 10, "object_id": "1", "object_repr": "ReadNum object (1)", "action_flag": 3, "change_message": ""}}, {"model": "admin.logentry", "pk": 23, "fields": {"action_time": "2019-01-07T15:12:31.766Z", "user": 1, "content_type": 10, "object_id": "3", "object_repr": "ReadNum object (3)", "action_flag": 1, "change_message": "[{\"added\": {}}]"}}, {"model": "admin.logentry", "pk": 24, "fields": {"action_time": "2019-01-11T16:52:48.234Z", "user": 1, "content_type": 11, "object_id": "1", "object_repr": "ReadDetail object (1)", "action_flag": 1, "change_message": "[{\"added\": {}}]"}}]